customer_id,age,gender,location,previous_purchases,frequency_of_purchases,time_stamp,interaction_type,item_purchased,uniqe_id,product_name,brand_name,category_x,selling_price,list_price,quantity,size,color_x,season,purchase_amount_usd,review_rating,subscription_status,shipping_type,discount_applied,payment_method
1.0,55.0,male,kentucky,14.0,,2023-10-10 08:00:00,purchase,Blouse,4c69b61db1fc16e7013b43fc926e502d,"db longboards coreflex crossbow 41"" bamboo fiberglass longboard complete",nan,clothing,,,,l,gray,winter,53.0,3.1,yes,express,Yes,venmo
27.0,38.0,male,nevada,13.0,,2023-05-11 08:00:00,purchase,Jewelry,326ebcfaa8d5204b634b5648e88e2fe4,nkok sonic and sega all stars racing remote controlled car - sonic the hedgehog,nan,accessories,,,,m,red,spring,20.0,3.6,yes,next day air,Yes,credit card
30.0,31.0,male,wyoming,14.0,,2023-08-11 08:00:00,purchase,Dress,c15e7efbe14b9bbcb8b7fe31f9818021,springbok puzzles - christmas wishes - 400 piece jigsaw puzzle - large 26.75 inches by 20.5 inches puzzle - made in usa - unique cut interlocking pieces - big pieces for kids & small pieces for adults,nan,clothing,,,,s,black,fall,48.0,4.1,yes,store pickup,Yes,credit card
31.0,57.0,male,north carolina,16.0,,2023-09-11 08:00:00,purchase,Jewelry,5bb4a9aa52085ada20006d166b1e2f87,franklin sports eye black stickers for kids - customizable lettering baseball and football eye black stickers - white pencil included,nan,accessories,,,,l,black,winter,31.0,4.7,yes,standard,Yes,credit card
55.0,47.0,male,new mexico,35.0,,2023-03-12 08:00:00,purchase,Coat,43a663416f7a8325321942235dfa6ef7,top trumps liverpool fc 18/19 card game,nan,outerwear,,,,m,brown,summer,94.0,4.2,yes,next day air,Yes,debit card
61.0,50.0,male,idaho,17.0,,2023-09-12 08:00:00,purchase,Sweater,5483f67f50a97a8dd7f404f80eab75e1,great eastern entertainment boys attack on titan - levi wallet,nan,clothing,,,,l,brown,summer,37.0,4.0,yes,express,Yes,cash
64.0,33.0,male,arizona,43.0,,2023-12-12 08:00:00,purchase,Sunglasses,a837eca35fd596cd19b7c5601a1342bc,alex discover button art activity set kids art and craft activity,nan,accessories,,,,l,lavender,winter,79.0,2.7,yes,2-day shipping,Yes,credit card
81.0,19.0,male,new york,24.0,,2023-01-01 00:00:00,purchase,Sandals,1f25e0968f5ab9451c985211bdfe4e27,mikasa vso2000 fivb replica volleyball,nan,footwear,,,,xl,blue,summer,72.0,3.3,yes,store pickup,Yes,credit card
91.0,25.0,male,south carolina,29.0,,2023-06-01 10:00:00,purchase,Hat,eae3be3cc19d4e642c2578cba1703d04,"learning resources serve it up! play restaurant, pretend restaurant set, 35 pieces, ages 3+",nan,accessories,,,,l,violet,summer,48.0,2.9,yes,express,Yes,credit card
94.0,37.0,male,florida,46.0,,2023-09-01 10:00:00,purchase,Sweater,8406b5a5a8f4b30bd4a9fcc89cca983f,"bachmann old-time box car - pennsylvania lines - n scale, prototypical oxide red",nan,clothing,,,,m,purple,fall,62.0,4.5,yes,standard,Yes,credit card
95.0,58.0,male,nevada,28.0,,2023-10-01 10:00:00,purchase,Skirt,d229c3105ea7858cd1d92641a34b4ec8,jumbo foil star cutout (gold) party accessory (1 count),nan,clothing,,,,s,silver,spring,76.0,4.6,yes,free shipping,Yes,credit card
132.0,28.0,male,maine,46.0,,2023-01-11 08:00:00,purchase,Skirt,1d6d1a47bc11a7549b994c0e8cbd8804,"corolle bebe bath oceane - 12""",nan,clothing,,,,l,indigo,summer,29.0,3.9,yes,standard,Yes,credit card
138.0,68.0,male,colorado,38.0,,2023-07-11 08:00:00,purchase,Sneakers,167a657569966c53f85837414f11fef0,original 3d crystal puzzle - swan,nan,footwear,,,,m,turquoise,spring,43.0,4.7,yes,free shipping,Yes,paypal
141.0,63.0,male,north carolina,50.0,,2023-10-11 08:00:00,purchase,Shirt,55259e7b18b0f9c485d920d401dafed3,"darice doll hat: black felt top hat, 2 inches, 1 piece",nan,clothing,,,,l,yellow,fall,28.0,3.9,yes,2-day shipping,Yes,credit card
142.0,56.0,male,virginia,45.0,,2023-11-11 08:00:00,purchase,Gloves,1d3b2d2a7a30a088f5c0e2976b8b37ca,"sugarbooger silicone teether set-of-two, happy cactus",nan,accessories,,,,m,turquoise,fall,46.0,4.9,yes,free shipping,Yes,paypal
163.0,54.0,male,california,31.0,,2023-02-12 08:00:00,purchase,Sunglasses,aade3ca10a67c48547cb7321a8bfdff2,"fashion angels we smell sweet bracelet kit, assorted",nan,accessories,,,,m,turquoise,summer,74.0,3.0,yes,store pickup,Yes,paypal
166.0,42.0,male,kentucky,7.0,,2023-05-12 08:00:00,purchase,Handbag,b16353a747c799db484e5bf81167c98c,dc collectibles dc artists alley: wonder woman by chris uminga limited edition vinyl pvc figure,nan,accessories,,,,s,yellow,winter,60.0,2.8,yes,store pickup,Yes,cash
167.0,46.0,male,delaware,30.0,,2023-06-12 08:00:00,purchase,Sneakers,44af50aecebcfbca03654d2ab92aac6b,transformers bumblebee movie muscle bumblebee costume for infants,nan,footwear,,,,xl,indigo,fall,31.0,4.0,yes,store pickup,Yes,cash
168.0,33.0,male,arkansas,14.0,,2023-07-12 08:00:00,purchase,Gloves,f4d3330e05b15674aa1f2c5b4d044cd4,carrera 23856 ferrari 512 s berlinetta scuderia filipinetti #3 1970 digital 124 slot car 1:24 scale,nan,accessories,,,,m,green,fall,27.0,4.0,yes,express,Yes,credit card
195.0,51.0,male,missouri,15.0,,2023-01-01 10:00:00,purchase,Backpack,39887c2739efaea41c8ff64b2bcf5a05,rubie's costume womens police costume,nan,accessories,,,,m,olive,spring,94.0,3.1,yes,express,Yes,debit card
198.0,59.0,male,south carolina,41.0,,2023-04-01 10:00:00,purchase,Scarf,67c5ad1b80a48100edd86b683ca6056d,pro series clm-16 red plastic scoring pills for kelly pool in hang pack,nan,accessories,,,,m,black,fall,78.0,3.2,yes,2-day shipping,Yes,credit card
199.0,57.0,male,utah,39.0,,2023-05-01 10:00:00,purchase,Jewelry,e38b5f6d4d43c40bbb254a7eb0ef919a,awesome paw patrol bundle of 3 pieces,nan,accessories,,,,m,turquoise,winter,45.0,4.8,yes,standard,Yes,credit card
205.0,24.0,male,arizona,35.0,,2023-11-01 10:00:00,purchase,Sneakers,d0777b6e4b75a1c3edac4547132635c6,"star wars: the force awakens child's stormtrooper costume, medium",nan,footwear,,,,m,yellow,fall,100.0,4.0,yes,store pickup,Yes,cash
226.0,25.0,male,arkansas,11.0,,2023-01-02 10:00:00,purchase,Jacket,a6737b0c04b96b728bc14669376d3ebf,"huffy disney princess kid bike 12 inch & 16 inch, quick connect assembly & regular assembly, pink",nan,outerwear,,,,m,olive,spring,22.0,3.2,yes,next day air,Yes,bank transfer
232.0,28.0,male,tennessee,18.0,,2023-07-02 10:00:00,purchase,Blouse,aa6b0cc46a76b6ff6aeafa2eec3c7816,"mrs. grossman's outer space reusable sticker activity set, multicolor",nan,clothing,,,,m,blue,spring,26.0,3.1,yes,2-day shipping,Yes,debit card
235.0,20.0,male,south dakota,24.0,,2023-10-02 10:00:00,purchase,Gloves,45552618acd76bfc988bbcc3a1b1c283,"lionel racing, chase elliott, napa nightvision, 2018, chevrolet camaro, nascar diecast 1: 24 scale",nan,accessories,,,,s,silver,summer,39.0,3.7,yes,next day air,Yes,credit card
236.0,43.0,male,new jersey,31.0,,2023-11-02 10:00:00,purchase,Sunglasses,3cdbb47eb172e3493578a8e34a03620b,calplush safari friends black panther plush animal toy,nan,accessories,,,,m,cyan,winter,89.0,3.7,yes,free shipping,Yes,debit card
255.0,67.0,male,indiana,4.0,,2023-02-03 10:00:00,purchase,Sunglasses,f686fb07d2973557ef45f532b928e458,funko pop games: fortnite - tomatohead,nan,accessories,,,,m,white,winter,42.0,3.5,yes,store pickup,Yes,paypal
256.0,43.0,male,maryland,25.0,,2023-03-03 10:00:00,purchase,Scarf,82d6de2993fa037d25d5c72ebe3d3243,k’nex – turbo jet – 2-in-1 building set – 402 pieces – ages 7+ – engineering educational toy,nan,accessories,,,,m,charcoal,spring,20.0,4.2,yes,free shipping,Yes,debit card
262.0,21.0,male,california,21.0,,2023-09-03 10:00:00,purchase,Jeans,2d584ce3af7e45ddaf7cf6b437ee2dd4,yoshi's crafted world - nintendo switch,nan,clothing,,,,l,magenta,winter,77.0,4.9,yes,standard,Yes,credit card
265.0,36.0,male,colorado,15.0,,2023-12-03 10:00:00,purchase,Pants,a0ab6d26f3316848cdabb34aa091697b,"vtech baby lil' critters shake and wobble busy ball amazon exclusive, purple",nan,clothing,,,,s,charcoal,fall,78.0,3.9,yes,store pickup,Yes,cash
287.0,27.0,male,nebraska,6.0,,2023-03-04 10:00:00,purchase,Jewelry,35d0e484bbb4687112e52071376dde6b,skywalker trampolines 9x15 blue rectangle spring pad,nan,accessories,,,,l,gray,summer,51.0,2.6,yes,store pickup,Yes,debit card
288.0,56.0,male,delaware,18.0,,2023-04-04 10:00:00,purchase,Scarf,2e2d46cee23bf6e46bcfc3202be60176,"sticko 450188 stickers, shimmery stars",nan,accessories,,,,l,blue,spring,37.0,3.4,yes,2-day shipping,Yes,venmo
294.0,69.0,male,connecticut,33.0,,2023-10-04 10:00:00,purchase,Handbag,892cac2d4cd163b5a93bf10620269b6e,"ergobaby metro compact city stroller accessories, backpack-style carry bag",nan,accessories,,,,m,white,spring,39.0,2.7,yes,express,Yes,paypal
317.0,36.0,male,california,46.0,,2023-03-05 10:00:00,purchase,Handbag,0b9df9bc7f554b556776ce0cf62debfa,turtle beach xo three gaming headset for xbox one,nan,accessories,,,,m,charcoal,fall,22.0,3.3,yes,free shipping,Yes,venmo
318.0,58.0,male,west virginia,42.0,,2023-04-05 10:00:00,purchase,Sweater,b00971a083cd293c234215584fbe6d34,"melissa & doug children’s book - float-alongs: tiny tugboats (bath book + 3 floating tugboat toys, great gift for girls and boys - best for babies and toddlers, 4, 5, 9 month olds, 1 and 2 year olds)",nan,clothing,,,,l,teal,fall,82.0,4.3,yes,standard,Yes,cash
324.0,66.0,male,tennessee,29.0,,2023-10-05 10:00:00,purchase,Hoodie,89d180e819d5a779ddec1f8737488821,"rollerblade twister edge men's adult fitness inline skate, black and red, high performance inline skates",nan,clothing,,,,m,orange,winter,78.0,3.5,yes,next day air,Yes,paypal
348.0,36.0,male,oregon,43.0,,2023-03-06 10:00:00,purchase,Sandals,a9120f43a7645d15d502315dd97c640b,colorforms brand despicable me create a story restickable set,nan,footwear,,,,l,red,fall,41.0,3.9,yes,store pickup,Yes,paypal
351.0,42.0,male,kentucky,47.0,,2023-06-06 10:00:00,purchase,Sweater,9bb9ad66025e751bdb6fbc2b88483726,"estes standard engine igniter plug, magenta/yellow",nan,clothing,,,,m,violet,spring,68.0,2.6,yes,2-day shipping,Yes,bank transfer
352.0,28.0,male,new york,24.0,,2023-07-06 10:00:00,purchase,Skirt,c391dce19a39e8076c6c3ecee695bb6e,florida-opoly,nan,clothing,,,,m,teal,winter,90.0,3.9,yes,standard,Yes,debit card
378.0,63.0,male,maine,39.0,,2023-03-07 10:00:00,purchase,Scarf,6f12ed34925f9493750ec9bff68acca2,american girl welliewishers garden adventure picnic for welliewisher dolls,nan,accessories,,,,m,silver,spring,32.0,4.1,yes,standard,Yes,credit card
381.0,39.0,male,new hampshire,19.0,,2023-06-07 10:00:00,purchase,Backpack,ec8a992d46f0a547465ef987bcbedba5,"badger basket chevron upholstered doll sofa with foldout bed (fits american girl dolls), pink/white",nan,accessories,,,,xl,beige,fall,69.0,3.0,yes,store pickup,Yes,bank transfer
384.0,50.0,male,west virginia,6.0,,2023-09-07 10:00:00,purchase,Sunglasses,ee99550f3696ae1229034dc376be972e,"sammons preston replacement cover for mini exercise trampoline, optional cover for small trampoline, durable frame cover for home or clinical use",nan,accessories,,,,s,magenta,fall,77.0,2.9,yes,standard,Yes,paypal
408.0,45.0,male,north carolina,5.0,,2023-02-08 10:00:00,purchase,Hoodie,9952053dcd6dc43d321a85127afc4051,elenco breadboard with 830 tie points - 9425,nan,clothing,,,,xl,teal,spring,76.0,3.1,yes,next day air,Yes,credit card
409.0,34.0,male,alabama,36.0,,2023-03-08 10:00:00,purchase,Sneakers,d6125dee74cc6bae8035983c25b17a55,"rubie's marvel: avengers endgame child's captain america costume & mask, medium",nan,footwear,,,,l,white,spring,66.0,3.4,yes,express,Yes,cash
415.0,29.0,male,wyoming,30.0,,2023-09-08 10:00:00,purchase,Backpack,c8eaae7172f31014730444541a5dec24,inlaid cribbage box with cards,nan,accessories,,,,l,violet,winter,88.0,2.6,yes,store pickup,Yes,debit card
418.0,23.0,male,mississippi,48.0,,2023-12-08 10:00:00,purchase,Sandals,97f1fb00a793066b4792c1e728ffe32c,fashion angels garbage can of sand art fun (12291) makes 3 sand art pendants for ages 3 and up,nan,footwear,,,,l,beige,fall,81.0,4.5,yes,free shipping,Yes,debit card
440.0,62.0,male,idaho,31.0,,2023-03-09 10:00:00,purchase,Jacket,891cac5659f0725d805dd7bd8f2d533f,"star wars child's boba fett costume, medium",nan,outerwear,,,,m,turquoise,summer,50.0,3.4,yes,free shipping,Yes,cash
443.0,29.0,male,michigan,31.0,,2023-06-09 10:00:00,purchase,Sunglasses,90f190666061ac8135229f7d6de7e34a,"melissa & doug star diner restaurant (play set & kitchen, wooden diner play set, two play spaces in one, 35"" h x 23"" w x 43.5"" l, great gift for girls and boys - best for 3, 4, 5 year olds and up)",nan,accessories,,,,m,olive,fall,69.0,3.5,yes,store pickup,Yes,credit card
444.0,22.0,male,hawaii,24.0,,2023-07-09 10:00:00,purchase,Sunglasses,7c9baddfec5619a1e8221383500f7d38,elenco line tracking robot kit,nan,accessories,,,,m,magenta,summer,67.0,3.6,yes,free shipping,Yes,paypal
445.0,48.0,male,california,31.0,,2023-08-09 10:00:00,purchase,Dress,6f15e433a39f5c0fcdaa627012bf1b57,nerf sports pro grip football (blue football),nan,clothing,,,,m,red,summer,20.0,4.3,yes,store pickup,Yes,debit card
472.0,55.0,male,missouri,36.0,,2023-05-10 10:00:00,purchase,Scarf,3540c0a24abfe24acd2a323c9d4864f4,"creative co-op green & grey plush dinosaur rattles (set of 3 styles) toys, green",nan,accessories,,,,xl,white,winter,72.0,4.9,yes,2-day shipping,Yes,bank transfer
475.0,62.0,male,arkansas,15.0,,2023-08-10 10:00:00,purchase,Sweater,2f868132d7ee90e0ff145a36a80dbcd8,"rubie's marvel avengers: infinity war deluxe teen groot child's costume, medium",nan,clothing,,,,xl,maroon,summer,76.0,2.6,yes,2-day shipping,Yes,cash
476.0,21.0,male,ohio,18.0,,2023-10-10 08:00:00,purchase,Sneakers,001ea8215e519a8388c1f1574662550e,american greetings rainbow latex balloons| pack of 20 | party decor,nan,footwear,,,,l,magenta,summer,66.0,2.7,yes,free shipping,Yes,debit card
502.0,64.0,male,florida,21.0,,2023-02-11 08:00:00,purchase,Boots,2eae820fc975e1b08f2c2992c65473ab,folkmanis mini goldfish,nan,footwear,,,,m,cyan,spring,45.0,2.9,yes,next day air,Yes,venmo
503.0,59.0,male,south carolina,8.0,,2023-03-11 08:00:00,purchase,Pants,9d1e87ff204e64c01d39f92a2dd26484,hansa snuggles the bear plush,nan,clothing,,,,s,cyan,fall,30.0,2.8,yes,express,Yes,paypal
509.0,27.0,male,illinois,31.0,,2023-09-11 08:00:00,purchase,Jewelry,d94c0dc1c0215ed6b3918f5c7b2a08cb,"modern home toy, 32"", green",nan,accessories,,,,s,yellow,winter,20.0,3.7,yes,store pickup,Yes,paypal
512.0,61.0,male,hawaii,8.0,,2023-12-11 08:00:00,purchase,Shirt,c8b3cd29605c96af3a868423ac952842,"forum novelties 77749 kids colonial general costume, x-large, pack of 1",nan,clothing,,,,l,yellow,fall,46.0,3.1,yes,free shipping,Yes,paypal
532.0,50.0,male,vermont,42.0,,2023-02-12 08:00:00,purchase,Sandals,445500cac0eb96d50d06411215ef16d7,lionel mega tracks - corkscrew chaos green engine,nan,footwear,,,,l,purple,fall,51.0,3.4,yes,next day air,Yes,cash
533.0,26.0,male,texas,35.0,,2023-03-12 08:00:00,purchase,Pants,86a945cbd224573b5522263690f9a950,l.o.l. surprise! biggie pet- d.j. k9,nan,clothing,,,,l,black,winter,76.0,4.1,yes,express,Yes,bank transfer
539.0,27.0,male,virginia,43.0,,2023-09-12 08:00:00,purchase,Socks,93f9547c8ade66eb42934011c318f9e0,steiff national geographic - chinchi chinchilla,nan,clothing,,,,xl,green,spring,22.0,3.2,yes,free shipping,Yes,cash
542.0,52.0,male,connecticut,45.0,,2023-12-12 08:00:00,purchase,Jacket,4dd0765795a35d8f6250da5d56dce607,"fashion angels hair chox set (12167), hair chalk gift set, temporary hair color",nan,outerwear,,,,l,gray,fall,27.0,2.8,yes,next day air,Yes,cash
564.0,61.0,male,idaho,16.0,,2023-01-01 10:00:00,purchase,Shoes,bb73dcf116b625ee294970951b6a5f55,"blue ""you're invited"" sweet safari invitation postcards",nan,footwear,,,,m,black,fall,99.0,4.4,yes,standard,Yes,debit card
570.0,65.0,male,alabama,46.0,,2023-07-01 10:00:00,purchase,Skirt,b0afcea9fcaad5acfc8158231e319581,"the kids room by stupell yellow dump truck with blue border stretched canvas wall art, 16 x 20, multi-color",nan,clothing,,,,m,pink,fall,33.0,4.4,yes,express,Yes,credit card
573.0,56.0,male,south carolina,26.0,,2023-10-01 10:00:00,purchase,Scarf,1eefd4a9f26e2d87c4c6313fae4a9806,"wildkin 5 pc bedding, twin, heroes",nan,accessories,,,,xl,cyan,summer,97.0,4.6,yes,next day air,Yes,bank transfer
574.0,58.0,male,california,23.0,,2023-11-01 10:00:00,purchase,Pants,0317f1c0995643ad222ccf3ad5e48b14,dc comics deadshot suicide squad pewter lapel pin action figure,nan,clothing,,,,m,charcoal,summer,68.0,3.2,yes,2-day shipping,Yes,credit card
590.0,28.0,male,minnesota,40.0,,2023-12-10 08:00:00,purchase,Shirt,6f97293a7ce6f78a3eaaf6eaaa3ea3d4,tamiya models m1a2 abrams model kit,nan,clothing,,,,m,orange,fall,70.0,3.4,yes,2-day shipping,Yes,paypal
614.0,61.0,male,pennsylvania,46.0,,2023-05-11 08:00:00,purchase,Coat,5bef396827c8a7d0b2e1d0bdd698002b,warmies microwavable french lavender scented plush jr clown fish,nan,outerwear,,,,l,lavender,fall,51.0,2.6,yes,standard,Yes,cash
617.0,29.0,male,pennsylvania,38.0,,2023-08-11 08:00:00,purchase,Gloves,ce8029f5d8f4a4e0f99ae6187fae74b5,"dr. ph. martin's radiant concentrated water color, 0.5 oz, set of 14 (set b)",nan,accessories,,,,l,teal,spring,72.0,4.6,yes,free shipping,Yes,credit card
618.0,50.0,male,colorado,2.0,,2023-09-11 08:00:00,purchase,Backpack,719f2de9289b1fc7e6d90ac50bdddc23,"wood designs 24"" x 48"" rectangle hardwood table with 29"" legs",nan,accessories,,,,m,maroon,fall,57.0,2.6,yes,standard,Yes,bank transfer
642.0,47.0,male,alaska,23.0,,2023-03-12 08:00:00,purchase,Blouse,870b1970e9328e5123a78fe4e4417e79,white mountain puzzles craft room - 1000 piece jigsaw puzzle,nan,clothing,,,,m,red,winter,78.0,3.9,yes,2-day shipping,Yes,credit card
643.0,64.0,male,arkansas,14.0,,2023-04-12 08:00:00,purchase,Skirt,198651a0f2df856435f4e7401d2329ca,dji smart controller,nan,clothing,,,,l,red,spring,25.0,2.8,yes,2-day shipping,Yes,debit card
649.0,22.0,male,michigan,35.0,,2023-10-12 08:00:00,purchase,Hoodie,2ccf4867d742a3664af73b6875bb3453,"gund pusheen fancy and unicorn magical kitties plush deluxe keychain clip, multicolor, 8.5""",nan,clothing,,,,m,brown,winter,31.0,4.1,yes,store pickup,Yes,credit card
673.0,59.0,male,washington,29.0,,2023-01-01 10:00:00,purchase,Socks,2608efa986e111813714a43dba24b085,"woody classic toy story 4 child costume, m (7-8)",nan,clothing,,,,m,peach,winter,53.0,3.3,yes,2-day shipping,Yes,cash
679.0,27.0,male,maine,25.0,,2023-07-01 10:00:00,purchase,Blouse,918686ea87ed7c9435159b21afa19b1f,ncaa west virginia mountaineers toy puzzle cube,nan,clothing,,,,m,teal,fall,74.0,3.3,yes,store pickup,Yes,debit card
682.0,30.0,male,louisiana,24.0,,2023-10-01 10:00:00,purchase,Shirt,5d8ef640219042434eb95d1e723d51e0,redcat racing 16t/.6 module brass pinion gear,nan,clothing,,,,xl,purple,winter,59.0,3.8,yes,2-day shipping,Yes,credit card
683.0,23.0,male,missouri,49.0,,2023-11-01 10:00:00,purchase,Jacket,6553b6b4f5a7e87832ee5c7dd64ed098,poolmaster smash 'n' splash water paddle ball swimming pool game,nan,outerwear,,,,m,brown,summer,29.0,4.0,yes,standard,Yes,credit card
713.0,42.0,male,new hampshire,36.0,,2023-02-11 08:00:00,purchase,Blouse,68e0097b8cfb244218c2d73898686033,eurographics volkswagen groovy bus collage puzzle (2000 piece),nan,clothing,,,,xl,black,summer,81.0,3.8,yes,next day air,Yes,bank transfer
716.0,33.0,male,delaware,37.0,,2023-05-11 08:00:00,purchase,Jeans,191f6783c92e290843244190c68029dd,melissa & doug jigsaw puzzles set - bugs and dinosaurs (60 pcs),nan,clothing,,,,l,green,spring,63.0,2.6,yes,express,Yes,debit card
717.0,30.0,male,missouri,9.0,,2023-06-11 08:00:00,purchase,Jewelry,1f0b63f41d6e271f170dd1372f6b3032,"german fighter ""messerschmitt"" bf-109f4",nan,accessories,,,,m,olive,spring,29.0,3.6,yes,express,Yes,venmo
723.0,27.0,male,wyoming,50.0,,2023-12-11 08:00:00,purchase,Sweater,29374067636efcdbfdb23dfa689f7a2d,"glitter girls dolls by battat - candice 14"" poseable fashion doll - dolls for girls age 3 & up",nan,clothing,,,,s,blue,summer,32.0,4.3,yes,store pickup,Yes,cash
745.0,67.0,male,illinois,42.0,,2023-04-12 08:00:00,purchase,Boots,749f036e6fe60769791e0dac36d2f680,"jay franco episode 7 bb8 medallion decal woven jersey sweatshirt fleece blanket twin, 60"" x 90"", star wars ep7",nan,footwear,,,,s,charcoal,spring,66.0,4.1,yes,next day air,Yes,debit card
748.0,51.0,male,oklahoma,13.0,,2023-07-12 08:00:00,purchase,Shorts,57cf282b5587d3f2f809283c4cc78779,"baby doll bedding toddler sheet, red",nan,clothing,,,,l,gold,spring,74.0,4.4,yes,next day air,Yes,bank transfer
749.0,35.0,male,south dakota,8.0,,2023-08-12 08:00:00,purchase,Hat,1722dc7993e15fa6e2007b898df1a1ae,"badger basket bamboo beach sandbox with liner & cover sandbox with cover & liner, natural/green",nan,accessories,,,,l,brown,fall,39.0,3.9,yes,free shipping,Yes,bank transfer
770.0,52.0,male,delaware,8.0,,2023-01-01 00:00:00,purchase,Socks,02219a2cea8568b829119faeb89a018a,ravensburger mama knows best 1000 piece jigsaw puzzle,nan,clothing,,,,m,silver,spring,100.0,4.3,yes,store pickup,Yes,paypal
779.0,29.0,male,massachusetts,23.0,,2023-05-01 10:00:00,purchase,Socks,0f360728a5a4b8374722b472a97fbe70,"minnie happy helpers sparkle n' clean vacuum, pink",nan,clothing,,,,m,yellow,summer,50.0,2.9,yes,store pickup,Yes,debit card
806.0,41.0,male,connecticut,40.0,,2023-05-11 08:00:00,purchase,Dress,8286d7fb2639ff6e0d94f3a90ee64b0f,who’s that girl 21-piece dress up trunk [amazon exclusive],nan,clothing,,,,l,white,summer,30.0,3.7,yes,next day air,Yes,debit card
809.0,46.0,male,wisconsin,38.0,,2023-08-11 08:00:00,purchase,Shoes,4dd473c291721eb18247991f22c25182,vallejo game air sombre grey paint,nan,footwear,,,,l,lavender,fall,96.0,4.6,yes,next day air,Yes,cash
810.0,48.0,male,south carolina,30.0,,2023-09-11 08:00:00,purchase,Boots,d2cbabf462a8910f4f7dd1e935599837,"redcat racing 88049-bl pickup truck body (1/10 scale), black/blue",nan,footwear,,,,m,violet,fall,81.0,4.9,yes,next day air,Yes,paypal
811.0,52.0,male,south dakota,32.0,,2023-10-11 08:00:00,purchase,Scarf,a4030fa428f31ae61e3889892bb98d45,"crayola glitter glue bulk, 20 count classpack, washable craft glue, 5 assorted colors",nan,accessories,,,,s,lavender,fall,83.0,4.9,yes,store pickup,Yes,debit card
837.0,23.0,male,west virginia,22.0,,2023-06-12 08:00:00,purchase,Gloves,2864cd7f67cb38786b9075dac75095f9,sax true flow water soluble block printing ink - 8 ounce jar - white,nan,accessories,,,,l,violet,winter,90.0,3.9,yes,store pickup,Yes,cash
843.0,59.0,male,missouri,25.0,,2023-12-12 08:00:00,purchase,Shirt,9dd1e902152897761b0350482e730c77,square enix dragon quest xi: sylvando & rab action figure set,nan,clothing,,,,m,violet,spring,87.0,3.6,yes,express,Yes,paypal
867.0,67.0,male,new mexico,11.0,,2023-03-01 10:00:00,purchase,Sunglasses,732d5c51f07d651b2072def656bd6093,"whitmor kids canvas collapsible cube-10 x 10 x 10 inches, pink, owl collection",nan,accessories,,,,m,lavender,summer,69.0,2.7,yes,free shipping,Yes,paypal
868.0,37.0,male,colorado,23.0,,2023-04-01 10:00:00,purchase,Jacket,a061473e1b146bd8eae72570f3cfe8ff,wwe wrestlemania elite kevin owens figure,nan,outerwear,,,,m,turquoise,spring,20.0,3.1,yes,free shipping,Yes,bank transfer
874.0,51.0,male,mississippi,24.0,,2023-10-01 10:00:00,purchase,Boots,ea5c9c223405080d4e865874e5397333,"pacific play tents tri-color dome tent and tunnel, 2 piece bundle, 48” x 48” x 42” tent and 6 foot tunnel",nan,footwear,,,,m,pink,summer,77.0,4.2,yes,free shipping,Yes,venmo
877.0,41.0,male,nebraska,1.0,,2023-12-10 08:00:00,purchase,Belt,470e493d0ce54ac8016c4eb2bb721512,quest scooby doo trap time deluxe mystery machine,nan,accessories,,,,l,gray,summer,51.0,3.8,yes,2-day shipping,Yes,debit card
897.0,69.0,male,arkansas,38.0,,2023-01-11 08:00:00,purchase,Jewelry,d80f24a2d6d94055fa07a5f4ae81d7c8,"snuggie tails allstar innovations mermaid blanket for kids (pink), as seen on tv",nan,accessories,,,,m,lavender,spring,29.0,4.7,yes,express,Yes,cash
898.0,29.0,male,illinois,46.0,,2023-02-11 08:00:00,purchase,Shirt,f09303c4b66053940daf1858816445b8,power trains military helicopters engine pack,nan,clothing,,,,m,gray,spring,91.0,3.4,yes,express,Yes,venmo
904.0,44.0,male,washington,3.0,,2023-08-11 08:00:00,purchase,Jacket,adbb4cacfd5c3379a09226a880e7eae6,"lego city garage center 60232 building kit, new 2019 (234 pieces)",nan,outerwear,,,,m,blue,winter,45.0,3.3,yes,express,Yes,paypal
907.0,41.0,male,south carolina,21.0,,2023-11-11 08:00:00,purchase,Pants,6b29a73ef59f4495d1793780edd83a73,"disney monster's inc. mike wazowski round decorative pillow, green/green/blue/white",nan,clothing,,,,m,red,spring,56.0,4.2,yes,standard,Yes,debit card
961.0,18.0,male,louisiana,20.0,,2023-02-01 10:00:00,purchase,Jewelry,0ce877cd69fa9422f9ff3595e16a7f56,"walthers cornerstone ho scale model united petroleum refining kit, 13-1/2 x 8-1/4 x 15 34.3 x 21 x 38.1cm",nan,accessories,,,,xl,indigo,spring,48.0,4.4,yes,standard,Yes,venmo
962.0,62.0,male,pennsylvania,37.0,,2023-03-01 10:00:00,purchase,Boots,64a23649bd8bfc3a220823ec8c73a2c5,lauri lacing & tracing - noah's ark set,nan,footwear,,,,l,olive,fall,72.0,3.7,yes,next day air,Yes,debit card
968.0,27.0,male,georgia,4.0,,2023-09-01 10:00:00,purchase,Hoodie,6525b7bae4e7c7a8387acd01f65865ef,"funko 35991 pop pez: batman 1966 tv - robin, multicolor",nan,clothing,,,,s,silver,summer,26.0,3.7,yes,store pickup,Yes,cash
971.0,45.0,male,california,4.0,,2023-12-01 10:00:00,purchase,Jeans,d36766dad65a23944abc11a4c16b3577,star wars rebels - ezra lightsaber,nan,clothing,,,,s,maroon,winter,66.0,4.4,yes,free shipping,Yes,cash
1006.0,43.0,male,new york,5.0,,2023-01-11 08:00:00,purchase,Backpack,d92c10e1df8112236639658d0c023cac,"gund pusheen pusheenicorn unicorn cat sound plush stuffed animal, purple, 7.5""",nan,accessories,,,,m,gold,winter,94.0,3.9,yes,store pickup,Yes,debit card
1012.0,43.0,male,montana,32.0,,2023-07-11 08:00:00,purchase,Backpack,657263b44d454d69464a05466accbd36,"air zone 20"" rhino bmx freestyle bike",nan,accessories,,,,l,indigo,spring,25.0,2.9,yes,next day air,Yes,debit card
1015.0,28.0,male,ohio,36.0,,2023-10-11 08:00:00,purchase,Shoes,574f90b64254afcd8a9f9a41eaf35932,spektrum remote receiver extension 9-inch,nan,footwear,,,,m,violet,summer,97.0,3.0,yes,standard,Yes,debit card
1016.0,68.0,male,north carolina,34.0,,2023-11-11 08:00:00,purchase,Gloves,50468ee6b737733333bc56801e5cb1fa,"upd disney 10800m large beanbag plush with hangtag in pdq, 9-10.5"", multicolor",nan,accessories,,,,m,cyan,summer,24.0,4.1,yes,standard,Yes,cash
1054.0,59.0,male,kansas,10.0,,2023-06-11 08:00:00,purchase,Blouse,6747933790071803fb9a8230827a4072,whitmor kids canvas collapsible cube fox,nan,clothing,,,,m,blue,spring,70.0,3.3,no,2-day shipping,Yes,debit card
1057.0,20.0,male,idaho,42.0,,2023-09-11 08:00:00,purchase,Sweater,ed92fe448d217585fb2b8a8708e6d4ae,inflatable pin the tail on the donkey game | game collection | party accessory,nan,clothing,,,,l,black,winter,64.0,2.9,no,2-day shipping,Yes,venmo
1058.0,65.0,male,wisconsin,20.0,,2023-10-11 08:00:00,purchase,Jacket,96365e170717ef8fb3fd3de9ddc33ca1,friends top 30 moments top trumps card game,nan,outerwear,,,,s,maroon,spring,23.0,4.4,no,2-day shipping,Yes,credit card
1079.0,37.0,male,arizona,49.0,,2023-01-12 08:00:00,purchase,Sweater,d0d2a73701667efc0f63245b443c2f59,"prehistoric party rubber bracelet, party favor",nan,clothing,,,,m,silver,fall,59.0,4.4,no,express,Yes,credit card
1082.0,62.0,male,idaho,45.0,,2023-04-12 08:00:00,purchase,Belt,ebb2f66fc821729f98e3397a7b7e7e5e,classic operation game,nan,accessories,,,,xl,brown,spring,30.0,4.5,no,standard,Yes,credit card
1083.0,54.0,male,south carolina,30.0,,2023-05-12 08:00:00,purchase,Hat,3a5c41de4f5bc3fcd804a90fbe0c4e1f,creativity for kids day at the spa deluxe gift set,nan,accessories,,,,xl,cyan,winter,85.0,2.6,no,next day air,Yes,venmo
1088.0,45.0,male,west virginia,7.0,,2023-10-12 08:00:00,purchase,Jeans,971df20be949e8f7e191bcb71c3f36e3,razor drift rider - red/black - 20111917,nan,clothing,,,,s,white,winter,71.0,3.4,no,next day air,Yes,bank transfer
1107.0,52.0,male,minnesota,12.0,,2023-01-01 00:00:00,purchase,Skirt,ea4843790d62b0be06df2aa600318108,"melissa & doug decoupage made easy owl paper mache craft kit with stickers (great gift for girls and boys - best for 6, 7, 8, 9, 10 year olds and up)",nan,clothing,,,,l,violet,winter,96.0,3.6,no,store pickup,Yes,venmo
1117.0,67.0,male,hawaii,39.0,,2023-06-01 10:00:00,purchase,Backpack,0b5d6c15d46bbfaf0b977d760e491525,"legends of andor new heroes 5 and 6 player expansion cooperative, family, strategy board game by kosmos | expand the award winning game legends of andor",nan,accessories,,,,m,charcoal,winter,96.0,4.2,no,express,Yes,paypal
1120.0,34.0,male,louisiana,36.0,,2023-09-01 10:00:00,purchase,Jewelry,3eb610a3e27fd56e5aca4cd5910aff37,white mountain puzzles christmas traditions - 1000 piece jigsaw puzzle,nan,accessories,,,,m,indigo,spring,36.0,3.1,no,standard,Yes,credit card
1121.0,22.0,male,pennsylvania,40.0,,2023-10-01 10:00:00,purchase,Sneakers,219aba9cb81e16e01cb8fe79796f716b,doctor who card game: classic doctors edition,nan,footwear,,,,m,magenta,winter,84.0,4.0,no,next day air,Yes,debit card
1137.0,23.0,male,illinois,37.0,,2023-11-10 08:00:00,purchase,Handbag,c007a8a924da9bdf4413e7f4af2a094c,"manhattan toy baby stella cute comfort car seat baby doll accessory for 12"" and 15"" soft dolls",nan,accessories,,,,s,cyan,summer,83.0,4.8,no,free shipping,Yes,cash
1160.0,66.0,male,new hampshire,46.0,,2023-03-11 08:00:00,purchase,Handbag,41e83d742bbae7aa786d411da0cdc43e,"great eastern ge-52682 dragon ball z 9"" son gohan child stuffed plush plush",nan,accessories,,,,l,blue,fall,55.0,3.6,no,2-day shipping,Yes,venmo
1161.0,37.0,male,north dakota,9.0,,2023-04-11 08:00:00,purchase,Scarf,a2de42d35ddfe7f05592618adca895dc,"learning resources new sprouts bushel of veggies, 9 colorful veggies, ages 18 mos+",nan,accessories,,,,s,blue,summer,42.0,3.2,no,next day air,Yes,venmo
1165.0,68.0,male,montana,47.0,,2023-08-11 08:00:00,purchase,Dress,9c5d3643fa3670072302b9467acb3aa8,"manhattan toy wee baby stella field trip 12"" baby doll outfit set",nan,clothing,,,,m,green,winter,96.0,4.2,no,standard,Yes,paypal
1191.0,62.0,male,south carolina,31.0,,2023-04-12 08:00:00,purchase,Shirt,62786541b3339c9d519920d6a0145bf6,quercetti pixel evo girl pegboard with carry case,nan,clothing,,,,m,orange,winter,45.0,4.3,no,next day air,Yes,credit card
1194.0,40.0,male,alaska,18.0,,2023-07-12 08:00:00,purchase,Jacket,e9b4e432c22cefa1dfe00c44c149d011,"funko pop! wwe: wwe jake the snake (styles may vary) collectible figure, multicolor",nan,outerwear,,,,l,pink,fall,55.0,5.0,no,2-day shipping,Yes,credit card
1195.0,50.0,male,new york,6.0,,2023-08-12 08:00:00,purchase,Hoodie,db44e5f1b972bb03c0e5ce616bb3bc0e,maisto r/c 1:24 scale 2017 ford gt naias variable color radio control vehicle (colors may vary),nan,clothing,,,,s,teal,winter,46.0,3.1,no,2-day shipping,Yes,credit card
1223.0,58.0,male,indiana,27.0,,2023-03-01 10:00:00,purchase,Jeans,52a8732647b673f02426dd30ad19bf59,masterpiece plastic rectangular tablecover (turquoise) party accessory (1 count) (1/pkg),nan,clothing,,,,l,magenta,fall,69.0,3.4,no,store pickup,Yes,bank transfer
1226.0,28.0,male,north carolina,16.0,,2023-06-01 10:00:00,purchase,Gloves,21f3a8688c1e9f76c8145c05f3512c8c,"duncan yo yo string, multi color (5-pack)",nan,accessories,,,,s,turquoise,fall,97.0,2.6,no,free shipping,Yes,debit card
1227.0,53.0,male,ohio,18.0,,2023-07-01 10:00:00,purchase,Sandals,1adbdb012335bd79932a1bd3ddbec9cc,forum novelties men's twisted clown latex mask,nan,footwear,,,,s,cyan,fall,91.0,3.4,no,store pickup,Yes,venmo
1232.0,66.0,male,pennsylvania,43.0,,2023-12-01 10:00:00,purchase,Socks,09094cff281b46956b46479047c62796,funko pop! movies: it 2 - pennywise meltdown,nan,clothing,,,,m,gold,spring,79.0,4.0,no,2-day shipping,Yes,credit card
1252.0,56.0,male,indiana,43.0,,2023-01-02 10:00:00,purchase,Shorts,5579ed6febe0be42709656b2009a32ac,little kids paw patrol skye 8 oz bubble head with wand set (4 piece),nan,clothing,,,,xl,orange,spring,86.0,5.0,no,next day air,Yes,credit card
1257.0,45.0,male,west virginia,4.0,,2023-06-02 10:00:00,purchase,Coat,df81ccd341a4af5f7172a54081fd1e05,minecraft classic zombie costume for kids,nan,outerwear,,,,s,olive,winter,48.0,3.6,no,express,Yes,cash
1263.0,29.0,male,tennessee,44.0,,2023-12-02 10:00:00,purchase,Boots,f2beba0c006b81f4535d6b2794b6183f,"carisma 14100 m40s front suspension arm, pair",nan,footwear,,,,l,brown,winter,62.0,4.8,no,store pickup,Yes,venmo
1273.0,35.0,male,wisconsin,16.0,,2023-10-10 08:00:00,purchase,Sandals,2ed64a3b4b672b03b2a3e8a5329c5c9c,manhattan toy snuggle baby doll & hooded bear sleep sack,nan,footwear,,,,m,orange,winter,80.0,4.4,no,express,Yes,bank transfer
1295.0,27.0,male,texas,21.0,,2023-01-11 08:00:00,purchase,Shirt,8462a9bdf3e166e75813e7be633ccdb4,didax educational resources the algebra game: linear graphs educational game,nan,clothing,,,,m,silver,summer,64.0,4.5,no,standard,Yes,cash
1298.0,44.0,male,new jersey,32.0,,2023-04-11 08:00:00,purchase,Sandals,f953790bd2c9da66ceea8af3f4751f85,team associated 91171 factory team 4x4 aluminum wheel hexes,nan,footwear,,,,m,silver,summer,85.0,4.6,no,standard,Yes,venmo
1299.0,29.0,male,indiana,14.0,,2023-05-11 08:00:00,purchase,Pants,9fcc5e9b29b2ac2f097ce0dfcc17e625,"pinkie pie movie toddler classic costume, pink, medium (3t-4t)",nan,clothing,,,,s,indigo,summer,81.0,3.0,no,free shipping,Yes,bank transfer
1305.0,64.0,male,montana,18.0,,2023-11-11 08:00:00,purchase,Backpack,6c08c5202983067bf1f62cc2cd4ec6bb,rubie's costume women's lace up wet look leggings,nan,accessories,,,,s,orange,spring,63.0,4.0,no,2-day shipping,Yes,paypal
1325.0,39.0,male,indiana,11.0,,2023-01-12 08:00:00,purchase,Jewelry,9d94f1c68631da611e3ab81bae6ff5d4,clover round extra small yo-yo maker,nan,accessories,,,,s,orange,summer,77.0,3.8,no,free shipping,Yes,credit card
1326.0,28.0,male,oregon,1.0,,2023-02-12 08:00:00,purchase,Backpack,8cf38346e037ae0adcc348f1058dd38b,hobby boss easy assembly uh-1c huey airplane model building kit,nan,accessories,,,,l,gold,summer,73.0,3.5,no,express,Yes,cash
1332.0,38.0,male,maryland,8.0,,2023-08-12 08:00:00,purchase,Socks,898720b304a83ed1dbb0511606a221a5,jurassic world savage strike velociraptor blue,nan,clothing,,,,m,lavender,spring,91.0,3.2,no,standard,Yes,paypal
1335.0,46.0,male,west virginia,12.0,,2023-11-12 08:00:00,purchase,Coat,98c6081b2dfbf196fcdf222afe73ce78,dragon's keep - justice vs. evil painted resin chessmen,nan,outerwear,,,,s,white,spring,52.0,4.2,no,store pickup,Yes,venmo
1336.0,56.0,male,nevada,26.0,,2023-12-12 08:00:00,purchase,Boots,2673616a5b3a452c5ff6fb1901d727b3,masterpieces john wayne - playing cards,nan,footwear,,,,m,lavender,fall,49.0,4.8,no,2-day shipping,Yes,credit card
1362.0,49.0,male,alabama,39.0,,2023-05-01 10:00:00,purchase,Dress,2cc6a0b5e3f55677a0cf48e156bf0c4f,vtech tummy time discovery pillow,nan,clothing,,,,m,beige,fall,32.0,3.7,no,next day air,Yes,debit card
1365.0,68.0,male,delaware,5.0,,2023-08-01 10:00:00,purchase,Hat,3d08b2296ba1c058d28b95785f1691c8,lego city dirt road pursuit 60172 building kit (297 pieces),nan,accessories,,,,l,yellow,fall,75.0,4.7,no,express,Yes,cash
1366.0,28.0,male,indiana,18.0,,2023-09-01 10:00:00,purchase,Handbag,05b1536c4d7b70d888eb3aa41d380115,d&d icons of the realms: volo & mordenkainen’s foes eight ct. booster brick,nan,accessories,,,,m,magenta,winter,69.0,4.5,no,store pickup,Yes,bank transfer
1382.0,30.0,male,illinois,48.0,,2023-10-10 08:00:00,purchase,Shoes,37b3cbfaa0f7cdbb7b3156cf4aed563b,"rpm 81372 flat front a-arms for b6 and b6d , black",nan,footwear,,,,l,green,winter,86.0,2.9,no,standard,Yes,venmo
1411.0,61.0,male,tennessee,18.0,,2023-08-11 08:00:00,purchase,Hat,15876da587525324d5806c1fec76c828,raising hell card game adult party game,nan,accessories,,,,m,purple,summer,93.0,4.0,no,store pickup,Yes,debit card
1437.0,35.0,male,minnesota,23.0,,2023-04-12 08:00:00,purchase,Sneakers,524dd38646ec03a1c931ff27e382421d,ravensburger eiffel tower 216 piece 3d jigsaw puzzle for kids and adults - easy click technology means pieces fit together perfectly,nan,footwear,,,,m,gray,winter,83.0,3.7,no,free shipping,Yes,paypal
1440.0,25.0,male,new mexico,25.0,,2023-07-12 08:00:00,purchase,Boots,7a12b412fc84c36e48d895b906ee7b5b,dowling magnets magnet math magnetic demonstration place value sticks,nan,footwear,,,,m,magenta,summer,48.0,4.8,no,next day air,Yes,cash
1441.0,27.0,male,arizona,13.0,,2023-08-12 08:00:00,purchase,Sandals,2ce9a60c6a0a1478b5c7e9e095cde0e1,"llorens 11"" soft body crying baby doll emma",nan,footwear,,,,m,pink,spring,76.0,4.4,no,standard,Yes,venmo
1471.0,43.0,male,california,15.0,,2023-05-01 10:00:00,purchase,Sandals,e929b90c3d440871beee1d15fe79bbd5,mudpuppy space race travel game,nan,footwear,,,,m,silver,spring,27.0,3.9,no,next day air,Yes,cash
1474.0,69.0,male,wisconsin,20.0,,2023-08-01 10:00:00,purchase,Shorts,f7ad27ca29d2b1c37afaf47965bf06cf,ginger ray gold foil flower party backdrop - 2 metre - pick & mix,nan,clothing,,,,m,violet,fall,63.0,4.3,no,express,Yes,credit card
1475.0,31.0,male,new jersey,6.0,,2023-09-01 10:00:00,purchase,Sweater,d9edbc44942651864525be132aecbc51,"stupell industries flower plants woman figure model modern painting wall plaque, 10 x 15, multi-color",nan,clothing,,,,s,pink,fall,72.0,3.9,no,next day air,Yes,credit card
1501.0,63.0,male,alabama,22.0,,2023-11-10 08:00:00,purchase,Jeans,bca0f840cb11aa2a2dd87c6bbe903018,disney frozen 2 6-in-1 game house for kids & families,nan,clothing,,,,l,maroon,summer,69.0,4.8,no,next day air,Yes,debit card
1523.0,38.0,male,tennessee,5.0,,2023-02-11 08:00:00,purchase,Shorts,cf5b9debdee9a0026c8b8e784e6b3929,genesys roleplaying dice pack,nan,clothing,,,,l,yellow,spring,72.0,4.8,no,free shipping,Yes,debit card
1526.0,29.0,male,oregon,22.0,,2023-05-11 08:00:00,purchase,Belt,1171e93762bdef88ee344b89b3f9a438,"rite lite chanukah sing-along microphone toys & games, blue",nan,accessories,,,,m,indigo,winter,31.0,4.6,no,2-day shipping,Yes,cash
1527.0,41.0,male,oklahoma,27.0,,2023-06-11 08:00:00,purchase,Jacket,c1d2b83c8206b7e0be3f9a26a72af7aa,"great eastern entertainment dragon ball super-ss vegeta 01 6.5"" plush",nan,outerwear,,,,l,white,summer,22.0,3.1,no,next day air,Yes,paypal
1532.0,63.0,male,mississippi,8.0,,2023-11-11 08:00:00,purchase,Backpack,862b9c1267d783b208b80dbbcebbc975,italeri 4705s 1: 12 fiat abarth 695 ss/ assetto corsa model building kit,nan,accessories,,,,s,violet,spring,83.0,4.5,no,next day air,Yes,paypal
1552.0,64.0,male,minnesota,13.0,,2023-01-12 08:00:00,purchase,Handbag,d669852f16590ba9dd74c9f5737cd440,batman the dark knight joker large pet costume,nan,accessories,,,,m,olive,summer,29.0,3.7,no,2-day shipping,Yes,credit card
1557.0,43.0,male,alabama,26.0,,2023-06-12 08:00:00,purchase,Hoodie,058b419304a444bd5d68f3299506e92e,"barbie skipper babysitters inc. feeding and bath-time playset with color-change baby doll, tub and 6 accessories",nan,clothing,,,,m,gold,fall,57.0,2.7,no,standard,Yes,credit card
1563.0,37.0,male,alabama,23.0,,2023-12-12 08:00:00,purchase,Scarf,ac13d16962a79e422b786a8b9e02acf3,fantasy flight games runewars: darnati warriors expansion pack,nan,accessories,,,,m,purple,winter,75.0,3.2,no,next day air,Yes,venmo
1587.0,25.0,male,oklahoma,21.0,,2023-03-01 10:00:00,purchase,Boots,c1c5910bb62729100c5ed0717ed104eb,esdevium hms dolores card game,nan,footwear,,,,m,purple,fall,77.0,4.0,no,express,Yes,bank transfer
1588.0,41.0,male,alabama,33.0,,2023-04-01 10:00:00,purchase,Socks,4d62e01a2d96257613b3f4064f38a938,"bee paper bleedproof marker pack, 11-inch by 14-inch, 50 sheets per pack",nan,clothing,,,,m,beige,summer,99.0,3.5,no,free shipping,Yes,credit card
1589.0,48.0,male,vermont,3.0,,2023-05-01 10:00:00,purchase,Belt,a126980fd7c0e40b0fff483ff03484d6,bloco toys ogre & monsters | stem toy | diy building construction set (280 pieces),nan,accessories,,,,l,cyan,winter,24.0,3.2,no,next day air,Yes,venmo
1595.0,40.0,male,colorado,3.0,,2023-11-01 10:00:00,purchase,Handbag,9e96161407a562d034b66276fe47feb9,mega bloks thomas & friends blue mountain team-up building kit,nan,accessories,,,,xl,charcoal,summer,41.0,3.7,no,store pickup,Yes,cash
1609.0,26.0,male,nebraska,12.0,,2023-10-10 08:00:00,purchase,Sandals,739ab455a0837d128d763f133cd45bce,funko pop! animation: scooby doo- shaggy with sandwich,nan,footwear,,,,xl,cyan,fall,58.0,4.6,no,next day air,Yes,bank transfer
1632.0,65.0,male,indiana,7.0,,2023-02-11 08:00:00,purchase,Sweater,6773f98228e30d749c8f84775a82cca9,"rainbow loom alpha bands craft accessory, gray",nan,clothing,,,,l,violet,summer,36.0,3.9,no,2-day shipping,Yes,bank transfer
1635.0,28.0,male,south carolina,30.0,,2023-05-11 08:00:00,purchase,Coat,cca75108bcc9c4bec43f0a531ed21fb9,"eta hand2mind manipulite 3 color dot dice, 5/8"", set of 72",nan,outerwear,,,,s,orange,summer,23.0,3.6,no,store pickup,Yes,cash
1636.0,68.0,male,north carolina,40.0,,2023-06-11 08:00:00,purchase,Sunglasses,bf588a0f6959bbb17e86f1716073f6cb,eureka muppets star paper cut outs,nan,accessories,,,,l,violet,summer,24.0,3.2,no,standard,Yes,cash
1642.0,50.0,male,colorado,1.0,,2023-12-11 08:00:00,purchase,Hoodie,36f9f7a74fda506557a8662767359ac6,"forum novelties deluxe santa claus or pirate belt (50"" inches)",nan,clothing,,,,l,violet,summer,32.0,3.4,no,free shipping,Yes,bank transfer
1662.0,64.0,male,iowa,21.0,,2023-02-12 08:00:00,purchase,Gloves,e07a6a2f3f10b6347647c3535b62522b,"pokemon center black and white plush doll pokedoll - 5"" monmen/cottonee",nan,accessories,,,,s,beige,summer,86.0,2.7,no,2-day shipping,Yes,debit card
1665.0,19.0,male,minnesota,35.0,,2023-05-12 08:00:00,purchase,Handbag,765a28b1278115292181031cee46421c,"pdp pixel pals ren & stimpy stimpy collectible lighted figure, 878-040-na-stm",nan,accessories,,,,m,purple,spring,53.0,5.0,no,next day air,Yes,paypal
1666.0,40.0,male,new mexico,49.0,,2023-06-12 08:00:00,purchase,Jacket,996ee6c0b74fe3c55171c64a332431d1,"hot wheels minion dave vehicle, 1:64 scale",nan,outerwear,,,,l,pink,fall,41.0,3.4,no,next day air,Yes,venmo
1672.0,31.0,male,utah,25.0,,2023-12-12 08:00:00,purchase,Hoodie,6a23176847968421912a6ba6097b4c4a,"didax educational resources unifix 1-10 value boats - set of 10, gray",nan,clothing,,,,m,olive,winter,22.0,4.0,no,free shipping,Yes,bank transfer
1695.0,20.0,male,mississippi,20.0,,2023-02-01 10:00:00,purchase,Shirt,2ff6308de3f9a482afe4bfcbe29dc983,b. toys – let's glow bowling! – multicolored six pin toy bowling set with flashing light-up ball & carrying caddy for kids ages 2+,nan,clothing,,,,m,turquoise,summer,67.0,2.7,no,express,No,debit card
1698.0,36.0,male,south carolina,48.0,,2023-05-01 10:00:00,purchase,Shirt,93a8a1e2a90621b9508282b65f835150,"mystery minis: harry potter series 3 (one mystery figure), multicolor",nan,clothing,,,,l,lavender,fall,87.0,3.5,no,next day air,No,credit card
1699.0,25.0,male,iowa,46.0,,2023-06-01 10:00:00,purchase,Belt,2969f13a1ddd42bb98faf6dbbaf310fc,"blue rabbit play outdoor toddler slide, 4 feet, turquoise",nan,accessories,,,,xl,turquoise,winter,41.0,4.8,no,standard,No,bank transfer
1700.0,20.0,male,north dakota,34.0,,2023-07-01 10:00:00,purchase,Sweater,547caf0ccca5a897537d5cbf1653eadb,"eureka dr. seuss abc alphabet bulletin board set and classroom decorations for teachers, 14 ft",nan,clothing,,,,l,teal,spring,67.0,4.0,no,free shipping,No,debit card
1727.0,57.0,male,indiana,45.0,,2023-03-02 10:00:00,purchase,Coat,17fb95a0504283cca4902005d7ca858d,weta workshop 870100985 hobbit statue bombur 1:6 scale 1:6,nan,outerwear,,,,s,olive,summer,28.0,2.8,no,express,No,debit card
1730.0,47.0,male,illinois,12.0,,2023-06-02 10:00:00,purchase,Shorts,1603668fd25c65096a7c87cffd07d974,cards against humanity: hidden gems bundle,nan,clothing,,,,m,brown,winter,21.0,3.8,no,store pickup,No,venmo
1731.0,23.0,male,alabama,26.0,,2023-07-02 10:00:00,purchase,Shirt,3ed4bd275b6e80623cbff5bfed744923,"masterpieces nfl houston texans stadium panoramic jigsaw puzzle, 1000 pieces",nan,clothing,,,,s,silver,fall,22.0,4.2,no,free shipping,No,credit card
1754.0,25.0,male,colorado,23.0,,2023-02-03 10:00:00,purchase,Skirt,48d3a4eddb45e6ecbee4b78438846baa,school smart conical and fineline watercolor combo marker pack - pack of 192-12 each of 8 assorted colors - 086417,nan,clothing,,,,l,black,fall,27.0,4.8,no,next day air,No,credit card
1757.0,49.0,male,new hampshire,14.0,,2023-05-03 10:00:00,purchase,Jewelry,860fd818448f5877f76b318fb2cc7b33,"kent twinkle girls' bike, 12-inch",nan,accessories,,,,s,cyan,fall,55.0,2.8,no,free shipping,No,bank transfer
1758.0,19.0,male,michigan,48.0,,2023-06-03 10:00:00,purchase,Dress,dc4aa41457bc7d1736fa17d9f8200208,eaglemoss harry potter's wizarding world figurine collection: hagrid figurine,nan,clothing,,,,l,yellow,fall,94.0,3.6,no,standard,No,debit card
1764.0,37.0,male,vermont,28.0,,2023-12-03 10:00:00,purchase,Jewelry,3bc9beff4cc19c013a2fa39352f7d57f,leapfrog rockit twist dual game pack: trolls party time with poppy and cookie's sweet treats,nan,accessories,,,,m,lavender,winter,93.0,3.9,no,store pickup,No,paypal
1784.0,42.0,male,ohio,30.0,,2023-01-04 10:00:00,purchase,Handbag,60974e2b09733809318676ee8dd90d10,areaware plywood playing cards,nan,accessories,,,,l,lavender,winter,49.0,3.3,no,free shipping,No,credit card
1787.0,45.0,male,maryland,22.0,,2023-04-04 10:00:00,purchase,Jacket,cae5f5fca71ddb4c02f43be5957747b4,sun-staches nintend legend of zelda lil' characters sahdes,nan,outerwear,,,,m,brown,spring,34.0,4.6,no,2-day shipping,No,venmo
1788.0,20.0,male,montana,10.0,,2023-05-04 10:00:00,purchase,Sweater,1f5c35a79325b8239e65aa22ffa96b61,thames & kosmos biology genetics and dna,nan,clothing,,,,l,gold,fall,38.0,4.9,no,2-day shipping,No,bank transfer
1794.0,65.0,male,iowa,45.0,,2023-11-04 10:00:00,purchase,Hat,2fb7543fd8be4a9745215d3ad0d5b816,"melissa & doug felt play food pizza set (pretend play, easy to clean, includes play ideas, 42 durable pieces, great gift for girls and boys - best for 3, 4, 5, 6, and 7 year olds)",nan,accessories,,,,s,white,fall,92.0,3.8,no,store pickup,No,cash
1816.0,51.0,male,new mexico,48.0,,2023-03-05 10:00:00,purchase,Shoes,7d8f06ef04b4444276f9607ff191d230,"amazonbasics easy care super soft microfiber kid's bed-in-a-bag bedding set - full / queen, multi-color dinosaurs",nan,footwear,,,,l,white,winter,72.0,4.5,no,2-day shipping,No,credit card
1819.0,58.0,male,north carolina,47.0,,2023-06-05 10:00:00,purchase,Sunglasses,216b5ccf245274404407a319e5b63311,disney baby dumbo on the go activity toy,nan,accessories,,,,m,white,fall,39.0,3.8,no,express,No,debit card
1820.0,51.0,male,nevada,50.0,,2023-07-05 10:00:00,purchase,Socks,7e77af72a8bde02238d291bdd169fdbf,"colorations washable finger paints, 16 fl oz, red, non-toxic, creamy, vibrant, kids paint, craft, hobby, fun, art supplies, young kids, finger painting, hand painting",nan,clothing,,,,s,peach,spring,86.0,4.5,no,next day air,No,cash
1846.0,51.0,male,delaware,39.0,,2023-02-06 10:00:00,purchase,Sandals,ab8dfc3b248830af69e54505d22f2772,factory entertainment wonder woman: movie - wonder woman swat shield collector shield,nan,footwear,,,,m,orange,winter,78.0,2.8,no,2-day shipping,No,bank transfer
1849.0,19.0,male,maine,34.0,,2023-05-06 10:00:00,purchase,Jeans,9f14997e028e255059ef5c68094ea325,cryptozoic entertainment portal the uncooperative board game,nan,clothing,,,,xl,yellow,winter,73.0,2.7,no,express,No,cash
1850.0,30.0,male,new mexico,35.0,,2023-06-06 10:00:00,purchase,Skirt,1f6f28d81c392bcb44d4b807b6888298,daily magic games valeria card kingdoms crimson seas,nan,clothing,,,,m,maroon,winter,40.0,4.5,no,store pickup,No,bank transfer
1856.0,60.0,male,rhode island,9.0,,2023-12-06 10:00:00,purchase,Shirt,9943ed318747991fd9c21f72c370f966,"skip hop toddler backpack, 12"" butterfly school bag, multi",nan,clothing,,,,xl,teal,spring,76.0,4.7,no,standard,No,cash
1880.0,56.0,male,tennessee,46.0,,2023-06-07 10:00:00,purchase,T-shirt,e1c051eec31dad04a94b17628e52b64d,unique art 10-inch tall table top blue crystallite ocean gemstone world globe with gold tripod stand,nan,clothing,,,,l,charcoal,spring,33.0,3.5,no,express,No,cash
1883.0,44.0,male,tennessee,25.0,,2023-09-07 10:00:00,purchase,Scarf,4ca120b479469d379fc383df57416eff,toysmith aquashots deluxe water rocket set,nan,accessories,,,,l,blue,winter,54.0,5.0,no,store pickup,No,bank transfer
1884.0,25.0,male,georgia,39.0,,2023-10-07 10:00:00,purchase,Backpack,748bdef3e76a6beba388931543cf522c,decrypto laser drive,nan,accessories,,,,m,cyan,spring,58.0,4.9,no,store pickup,No,debit card
1890.0,59.0,male,north carolina,27.0,,2023-12-10 08:00:00,purchase,Skirt,46c91d65a8523a224cab017cc46552c2,"funko galactic plushies: rick and morty collectible figure, multicolor",nan,clothing,,,,l,peach,spring,57.0,2.5,no,next day air,No,bank transfer
1910.0,50.0,male,kentucky,12.0,,2023-01-11 08:00:00,purchase,Sweater,45fc6b15459d6667164a3e09ed3036b3,set of 12 flashing led sling shot flare arrow helicopter children's kid's toy flyer (colors may vary),nan,clothing,,,,s,black,spring,84.0,4.3,no,store pickup,No,credit card
1913.0,29.0,male,colorado,5.0,,2023-04-11 08:00:00,purchase,Sweater,8c097955afb3f18a73888218691bdb5c,dog mask,nan,clothing,,,,s,charcoal,winter,56.0,3.4,no,2-day shipping,No,credit card
1916.0,51.0,male,alabama,44.0,,2023-07-11 08:00:00,purchase,Backpack,0ca04465049344258a6a6c43662b2148,tubes experiment set for problem solving and fine motor skills by lego education duplo,nan,accessories,,,,m,magenta,fall,74.0,4.7,no,2-day shipping,No,cash
1940.0,66.0,male,ohio,20.0,,2023-01-12 08:00:00,purchase,Gloves,b5d51c851e78bc4262fbd7534ca76d95,eureka mickey mouse clubhouse mickey park mini reward charts,nan,accessories,,,,l,magenta,winter,57.0,3.7,no,store pickup,No,paypal
1941.0,50.0,male,alaska,48.0,,2023-02-12 08:00:00,purchase,Hat,7696da17a6ac24c862f0df8017ed8fbf,kids first engineering design physics lab science kit | parents' choice gold award winner | toy of the year award finalist | stem experiments,nan,accessories,,,,l,gray,fall,89.0,3.9,no,2-day shipping,No,paypal
1947.0,59.0,male,louisiana,41.0,,2023-08-12 08:00:00,purchase,Pants,5badb8d6caca8e5b31e3d041f2eaf1ba,"aquarius mr rogers gen 2 fun box, multicolor",nan,clothing,,,,m,white,summer,49.0,4.5,no,standard,No,credit card
1950.0,63.0,male,nebraska,12.0,,2023-11-12 08:00:00,purchase,Dress,a93fd67197b7076b0e627ba0d3348800,"roylco r5910 animal x-ray set, 8"" x 10"" size",nan,clothing,,,,l,gray,winter,80.0,4.7,no,store pickup,No,paypal
1951.0,43.0,male,arkansas,26.0,,2023-12-12 08:00:00,purchase,Backpack,5cc9a9edf05f98ac19605c5d1e915125,ws deans 2013 male pigtail,nan,accessories,,,,l,blue,summer,78.0,4.6,no,free shipping,No,paypal
1975.0,27.0,male,tennessee,2.0,,2023-03-01 10:00:00,purchase,Gloves,61f9ce72eec3fb326fa78e528b4c7947,just my style shoelace bracelets by horizon group usa,nan,accessories,,,,m,peach,winter,44.0,4.6,no,2-day shipping,No,paypal
1976.0,53.0,male,illinois,4.0,,2023-04-01 10:00:00,purchase,Jacket,ddb7283c754a0ef2ed583fb5cbf58617,airfix 1:72 fouga cm.170 magister kit (),nan,outerwear,,,,l,turquoise,fall,77.0,2.9,no,express,No,cash
1977.0,32.0,male,wyoming,43.0,,2023-05-01 10:00:00,purchase,Handbag,ee799c218c2f235a5448cbda9f3827a8,the puppet company baby monsters blue monster hand puppet,nan,accessories,,,,m,pink,spring,51.0,3.2,no,next day air,No,paypal
1983.0,41.0,male,kansas,32.0,,2023-11-01 10:00:00,purchase,Sunglasses,361891eb1d8c876824eaab718c8375bb,"swing set stuff inc. small mega flat seat with 5uncoated chain small mega uncoated chain, black",nan,accessories,,,,m,turquoise,summer,77.0,2.7,no,2-day shipping,No,paypal
1997.0,67.0,male,south dakota,18.0,,2023-10-10 08:00:00,purchase,Sneakers,e2cbdaa6b1ee6a738542f730368dc01b,"ultra pro platinum 16 pocket platinum mini american cards, 41mm x 63mm, clear",nan,footwear,,,,l,indigo,summer,27.0,3.3,no,next day air,No,cash
1998.0,42.0,male,connecticut,10.0,,2023-11-10 08:00:00,purchase,Backpack,491ca5b2eb12adcdae7e15757036a406,"home decorators collection clematis stained glass window film, 36h x 24"" w, blue",nan,accessories,,,,m,purple,fall,25.0,4.7,no,express,No,debit card
2020.0,31.0,male,idaho,23.0,,2023-02-11 08:00:00,purchase,Shirt,0fed7394d08a20f139e7b509f2e27a10,"lego friends stephanie’s summer heart box 41386 building kit, new 2019 (95 pieces)",nan,clothing,,,,s,red,winter,68.0,4.7,no,store pickup,No,cash
2023.0,59.0,male,alabama,16.0,,2023-05-11 08:00:00,purchase,Jewelry,3563cc49f485b4c583616e7f0b22b1f0,faber-castell creative studio watercolor art for beginners - create floral watercolor designs,nan,accessories,,,,s,black,winter,38.0,4.0,no,store pickup,No,cash
2024.0,46.0,male,idaho,28.0,,2023-06-11 08:00:00,purchase,Socks,d86ff1dce4aa66c35f2112767cfda33c,"sunworks construction paper, magenta, 12"" x 18"", 100 sheets",nan,clothing,,,,s,teal,winter,68.0,4.1,no,store pickup,No,cash
2025.0,62.0,male,arkansas,39.0,,2023-07-11 08:00:00,purchase,Socks,d3ac7ddcbed71321dc3dfd0dd43128f2,team redcat 2 x 9.8mm pin (10),nan,clothing,,,,l,silver,fall,23.0,3.7,no,express,No,paypal
2051.0,35.0,male,mississippi,10.0,,2023-03-12 08:00:00,purchase,Hat,17105b4712370ec57ab3f2e28bde40b0,disney elena of avalor scepter adventure doll,nan,accessories,,,,m,teal,summer,96.0,3.4,no,store pickup,No,debit card
2054.0,19.0,male,wyoming,16.0,,2023-06-12 08:00:00,purchase,Sunglasses,325affdedb32006be8c29d3371ebd60a,"westcott  all purpose preferred stainless steel scissors, 8-inch, blue",nan,accessories,,,,s,purple,spring,60.0,4.5,no,2-day shipping,No,credit card
2055.0,65.0,male,new jersey,14.0,,2023-07-12 08:00:00,purchase,Sweater,8cc2a9f0f4a0ed1cd7ca951d5a33a583,"8-count round paper dessert plates, owl pal",nan,clothing,,,,xl,gold,spring,56.0,2.9,no,express,No,paypal
2084.0,41.0,male,mississippi,26.0,,2023-03-01 10:00:00,purchase,Scarf,93e77d8a19b231249ecd9f0d149ffe16,"barbie light-up fairy dress costume, child's medium",nan,accessories,,,,l,orange,fall,59.0,2.7,no,store pickup,No,credit card
2086.0,69.0,male,new york,38.0,,2023-05-01 10:00:00,purchase,Jeans,7a1f53f4007221c8e0b0dbcf135e6490,goliath dc glowbot batman,nan,clothing,,,,m,teal,fall,49.0,4.6,no,free shipping,No,debit card
2092.0,26.0,male,washington,24.0,,2023-11-01 10:00:00,purchase,Jeans,a3b569e394762e25527a340a7bd4619e,chicago women's classic roller skates - premium white quad rink skates,nan,clothing,,,,xl,beige,fall,97.0,3.0,no,next day air,No,bank transfer
2115.0,37.0,male,vermont,12.0,,2023-03-02 10:00:00,purchase,Shirt,ac8a68131c780aaa9816d012c1b9aa33,"cate and levi 12"" handmade princess hand puppet (premium reclaimed wool), colors will vary",nan,clothing,,,,m,magenta,winter,51.0,2.9,no,standard,No,debit card
2116.0,44.0,male,rhode island,16.0,,2023-04-02 10:00:00,purchase,Scarf,833bdbd20fe847305e8e6a9a272f9eff,rubie's costume co. women's suicide squad harley costume jewelry set,nan,accessories,,,,m,violet,winter,85.0,3.4,no,store pickup,No,bank transfer
2122.0,43.0,male,alaska,32.0,,2023-10-02 10:00:00,purchase,Backpack,9a3631743134887e98b7feb2f4eb4e31,ideal sno scapes scene creator set kids outdoor snow activity,nan,accessories,,,,m,olive,winter,68.0,3.5,no,2-day shipping,No,bank transfer
2146.0,38.0,male,connecticut,32.0,,2023-06-03 10:00:00,purchase,Skirt,0f044ec2b6879a9f43dc1e12ffc2c3ea,dungeons and dragons: castle ravenloft board game,nan,clothing,,,,s,white,winter,73.0,4.8,no,standard,No,paypal
2149.0,19.0,male,nebraska,19.0,,2023-09-03 10:00:00,purchase,T-shirt,cc5ef7946bc62faf12bd8e0b32105f09,interior illusions green balloon dog bank,nan,clothing,,,,xl,turquoise,winter,45.0,4.6,no,2-day shipping,No,paypal
2150.0,38.0,male,hawaii,1.0,,2023-10-03 10:00:00,purchase,Sandals,3f7feab4de5e72aebe4e8405ebbf4273,barenpark: bad news bears expansion,nan,footwear,,,,l,orange,winter,21.0,4.0,no,standard,No,bank transfer
2174.0,23.0,male,delaware,36.0,,2023-03-04 10:00:00,purchase,Gloves,24adfe52668f299ce5654bb61a6cd35f,ginger ray gold date jar guest book alternative decoration - gold wedding,nan,accessories,,,,s,cyan,summer,97.0,5.0,no,2-day shipping,No,venmo
2175.0,42.0,male,colorado,1.0,,2023-04-04 10:00:00,purchase,Backpack,38ed1d00add96bcfb58964936b66de21,"fisher-price imaginext dc super friends, steppenwolf",nan,accessories,,,,s,olive,spring,49.0,2.9,no,store pickup,No,cash
2181.0,41.0,male,connecticut,43.0,,2023-10-04 10:00:00,purchase,Coat,be8ac5147258d7c430fb126ac0e7e165,baby alive so many styles baby (black curly hair),nan,outerwear,,,,m,yellow,summer,37.0,4.1,no,store pickup,No,cash
2204.0,53.0,male,rhode island,32.0,,2023-03-05 10:00:00,purchase,Dress,df40019c1753355b36ec060597b05565,swimline giant ducky inflatable ride-on,nan,clothing,,,,m,indigo,winter,79.0,3.1,no,free shipping,No,cash
2205.0,20.0,male,oregon,6.0,,2023-04-05 10:00:00,purchase,Jeans,b3982c752e0c810914903c24873d7b5f,"amscan egyptian masquerade mask halloween costume accessories, one size",nan,clothing,,,,s,lavender,winter,41.0,3.4,no,2-day shipping,No,debit card
2211.0,30.0,male,virginia,35.0,,2023-10-05 10:00:00,purchase,Sunglasses,f96a51fdf0f877a789ee0713997ce134,amplifiers sjakks pacific extreme kate & scoot 2-pack,nan,accessories,,,,m,orange,summer,25.0,3.1,no,store pickup,No,paypal
2235.0,35.0,male,new hampshire,26.0,,2023-03-06 10:00:00,purchase,Boots,28fd80cc89a505b12d3c79c7effb1362,"american greetings, my little pony party tiaras, 8-count",nan,footwear,,,,s,yellow,winter,66.0,4.0,no,express,No,cash
2238.0,45.0,male,alabama,31.0,,2023-06-06 10:00:00,purchase,Sandals,eb55223c34b2f7e44f58371bf7360d85,"phoenix home espresso collection kid's toy storage organizer with 12 plastic bins, white",nan,footwear,,,,s,black,summer,34.0,3.8,no,next day air,No,venmo
2239.0,40.0,male,florida,18.0,,2023-07-06 10:00:00,purchase,Sneakers,0980fae6430e8a12d9a792dd11ab1f7f,rubie's women's batman v superman: dawn of justice wonder woman costume top,nan,footwear,,,,l,beige,winter,84.0,3.8,no,standard,No,debit card
2265.0,51.0,male,north dakota,50.0,,2023-03-07 10:00:00,purchase,Hat,10c7bc637c0b4b706c0cf4c2da309e64,decopac angry birds red bird and bad piggy decoset cake decoration,nan,accessories,,,,m,turquoise,summer,92.0,3.9,no,2-day shipping,No,paypal
2268.0,32.0,male,kentucky,37.0,,2023-06-07 10:00:00,purchase,Gloves,c2e327d12f3289bd5b155d620d5e86cd,quercetti tubation wheels,nan,accessories,,,,s,blue,spring,49.0,3.8,no,express,No,venmo
2271.0,27.0,male,georgia,7.0,,2023-09-07 10:00:00,purchase,Blouse,dc97e77c7d52828909c1c381b9658832,good smile nendoroid ichigo kurosaki,nan,clothing,,,,l,purple,spring,72.0,3.5,no,express,No,venmo
2295.0,54.0,male,maryland,40.0,,2023-02-08 10:00:00,purchase,Sunglasses,289cf4e51ba4f56bd0e6bb10ac068a0c,"lego technic bugatti chiron 42083 race car building kit and engineering toy, adult collectible sports car with scale model engine (3599 pieces)",nan,accessories,,,,m,red,winter,95.0,5.0,no,express,No,debit card
2296.0,50.0,male,connecticut,45.0,,2023-03-08 10:00:00,purchase,Hat,71fbffe789221731734673e7df3664f1,"amscan hula girl with tissue skirt party yard sign, 23.5"" x 13""",nan,accessories,,,,l,beige,spring,22.0,2.9,no,2-day shipping,No,paypal
2302.0,37.0,male,maine,21.0,,2023-09-08 10:00:00,purchase,Pants,93a969b1022db6f180228b2c34c5a603,"crayola 58-7726 classic fine line markers assorted colors 10 count, 2 pack",nan,clothing,,,,l,turquoise,winter,20.0,2.9,no,next day air,No,debit card
2305.0,26.0,male,louisiana,9.0,,2023-12-08 10:00:00,purchase,Hoodie,1656d377cb381f8a44a7834c5e642a8a,chess/checkers/backgammon set,nan,clothing,,,,l,silver,winter,73.0,4.7,no,free shipping,No,debit card
2327.0,66.0,male,oklahoma,38.0,,2023-03-09 10:00:00,purchase,Skirt,034bc638e2ccd85bd37193d028202ecf,"losi 1/10 2.2 rock rey 4wd rc rock racer brushless rtr with avc and 2800kv brushless power system (battery and charger not included): los03009t1, yellow",nan,clothing,,,,l,maroon,winter,63.0,2.6,no,standard,No,bank transfer
2330.0,49.0,male,nebraska,42.0,,2023-06-09 10:00:00,purchase,Hat,2d14fe61a02de42e703908ca347ec875,"moluk nigi, nagi, nogi - primary colors",nan,accessories,,,,s,teal,spring,97.0,4.8,no,free shipping,No,bank transfer
2331.0,60.0,male,arizona,47.0,,2023-07-09 10:00:00,purchase,Backpack,5316da467646b5f22f6bdfb0f47b0867,bloody eyeballs | halloween decor,nan,accessories,,,,l,orange,summer,63.0,2.9,no,store pickup,No,paypal
2332.0,61.0,male,illinois,10.0,,2023-08-09 10:00:00,purchase,Scarf,a2db7a96d1d72510cf3cda4d75f6bb46,orange rouge fate/grand order: caster/gilgamesh 1: 8 scale pvc figure,nan,accessories,,,,s,olive,spring,77.0,4.3,no,2-day shipping,No,credit card
2378.0,44.0,male,south dakota,22.0,,2023-02-11 08:00:00,purchase,Blouse,d7830f59c7ff571c8761a25c9018ebe6,"fun rugs fun time country fun novelty rug, 31 x 47",nan,clothing,,,,l,magenta,fall,94.0,4.0,no,next day air,No,cash
2379.0,26.0,male,new hampshire,37.0,,2023-03-11 08:00:00,purchase,Scarf,b73d13658c446e08abec1f1f7d4dbf23,yamaha c40 gigmaker classical acoustic guitar package,nan,accessories,,,,l,teal,summer,71.0,2.7,no,store pickup,No,paypal
2380.0,40.0,male,south dakota,22.0,,2023-04-11 08:00:00,purchase,Hat,9564d1d0d7c502b550159e96c4f94dc5,idragon zombie blast ir shooting game,nan,accessories,,,,m,peach,spring,77.0,4.0,no,2-day shipping,No,debit card
2386.0,41.0,male,oklahoma,12.0,,2023-10-11 08:00:00,purchase,Scarf,52924edfc07314758759676ca3ae0145,"sphero sprk+: app-enabled robot ball with programmable sensors + led lights - stem educational toy for kids - learn javascript, scratch & swift",nan,accessories,,,,m,brown,fall,31.0,3.8,no,express,No,paypal
2409.0,23.0,male,hawaii,44.0,,2023-03-12 08:00:00,purchase,Sneakers,688395bec3dd1797d15119b5b14a631c,"eureka dr. seuss back to school classroom supplies goal setting fundraising banner, 12'' x 45''",nan,footwear,,,,xl,black,fall,55.0,4.2,no,next day air,No,debit card
2410.0,26.0,male,washington,47.0,,2023-04-12 08:00:00,purchase,Jewelry,a8d416d4133c5afd29b4079c2d63ecf5,journey girls wooden horse stable (amazon exclusive),nan,accessories,,,,l,yellow,spring,37.0,3.0,no,store pickup,No,cash
2416.0,21.0,male,hawaii,30.0,,2023-10-12 08:00:00,purchase,Coat,affefda040b0ba617898773f773d356a,orb plushcraft pizza pillow,nan,outerwear,,,,xl,lavender,fall,34.0,4.3,no,standard,No,bank transfer
2490.0,66.0,male,south dakota,50.0,,2023-05-11 08:00:00,purchase,Coat,8aca0a9872c41926cc61b067df87c942,"18"" doll guitar & microphone set - includes doll clothes - fits american girl dolls",nan,outerwear,,,,m,green,winter,34.0,3.9,no,express,No,venmo
2493.0,50.0,male,south dakota,34.0,,2023-08-11 08:00:00,purchase,Sunglasses,b4a8adfbe7b3f4b2da1f6573ecced8f5,pj masks mission control hq,nan,accessories,,,,s,silver,summer,96.0,4.1,no,next day air,No,bank transfer
2494.0,21.0,male,maine,6.0,,2023-09-11 08:00:00,purchase,Socks,8f1c02befcad104e99df55229320b4c4,"foamnasium 1075 big wacky sack, multi-colored, large 36",nan,clothing,,,,s,beige,fall,23.0,4.8,no,2-day shipping,No,venmo
2520.0,40.0,male,michigan,21.0,,2023-05-12 08:00:00,purchase,Jacket,d5d2431fc95c46ad518a224453260821,fotorama flush game - new version.,nan,outerwear,,,,l,magenta,spring,90.0,4.9,no,standard,No,credit card
2523.0,20.0,male,massachusetts,20.0,,2023-08-12 08:00:00,purchase,Belt,198ad0dfddaa103b63a59b3cfe7e6927,"center enterprises inc. ready2learn textured stampers, 6/pack",nan,accessories,,,,s,olive,winter,53.0,2.5,no,2-day shipping,No,debit card
2524.0,43.0,male,new jersey,21.0,,2023-09-12 08:00:00,purchase,Handbag,8267acff03b0e83e24e48b76aac0b2f5,eurographics seattle city skyline puzzle (1000-piece),nan,accessories,,,,s,cyan,spring,24.0,3.4,no,express,No,bank transfer
2544.0,27.0,male,west virginia,30.0,,2023-01-01 00:00:00,purchase,Scarf,893644c2494aa7944c7133eb1fb6e7b0,polly pocket mini mall escape,nan,accessories,,,,l,peach,spring,56.0,2.7,no,next day air,No,paypal
2554.0,69.0,male,vermont,28.0,,2023-06-01 10:00:00,purchase,Jewelry,77e3212692b68c15c3784fb91499c836,jurassic world attack pack velociraptor charlie,nan,accessories,,,,m,maroon,summer,25.0,4.5,no,store pickup,No,venmo
2557.0,24.0,male,montana,4.0,,2023-09-01 10:00:00,purchase,T-shirt,63f33269bd408e3cfa627e90785a6560,beistle cn038 tropical breeze confetti,nan,clothing,,,,xl,magenta,fall,88.0,3.1,no,standard,No,bank transfer
2558.0,70.0,male,oklahoma,17.0,,2023-10-01 10:00:00,purchase,Shorts,6072573c027141031f29f83a93f92a1e,"royal brush junior small paint by number kit 8-3/4""x11-3/4-christmas wish",nan,clothing,,,,l,cyan,spring,23.0,3.9,no,standard,No,paypal
2580.0,65.0,male,minnesota,40.0,,2023-01-02 10:00:00,purchase,Blouse,8da97966891c4d0cb18deb75157c822e,areaware cubebot medium (natural),nan,clothing,,,,m,purple,summer,20.0,3.7,no,express,No,venmo
2586.0,57.0,male,wisconsin,19.0,,2023-07-02 10:00:00,purchase,Sunglasses,c8833f3cf6a61b9c39c90eef38efbe66,professor pengelly's putty thermo reactive sunset red,nan,accessories,,,,l,maroon,fall,37.0,4.4,no,free shipping,No,debit card
2589.0,44.0,male,delaware,38.0,,2023-10-02 10:00:00,purchase,Backpack,c1e85364b71146414e9b09c3902f73a8,transformers allspark tech autobot drift,nan,accessories,,,,m,peach,summer,49.0,3.2,no,free shipping,No,venmo
2590.0,52.0,male,north dakota,31.0,,2023-11-02 10:00:00,purchase,Pants,e469b569286fd8a4a059f7c64e6de639,eurographics new england christmas stroll 1000-piece puzzle,nan,clothing,,,,m,silver,winter,53.0,4.9,no,2-day shipping,No,paypal
2611.0,66.0,male,west virginia,25.0,,2023-04-03 10:00:00,purchase,Jeans,cc5f508a1cc8d6f350c7bef020b3f54b,ruffneck scarves red and white bar scarf,nan,clothing,,,,m,violet,spring,93.0,3.1,no,express,No,cash
2614.0,58.0,male,south dakota,14.0,,2023-07-03 10:00:00,purchase,Gloves,081e97de7d8a5ca9b0c772c8af050d23,"vintage parts 14558 3"" green fuzzy dice with white dots - pair",nan,accessories,,,,m,gold,fall,88.0,2.9,no,express,No,bank transfer
2615.0,18.0,male,north dakota,36.0,,2023-08-03 10:00:00,purchase,Jacket,6356b84edc00b9c0ea606ba0f6ef4ec7,"hygloss products blank jigsaw puzzle – compoz-a-puzzle – 5.5 x 8 inch - 12 pieces, 8 puzzles with envelopes",nan,outerwear,,,,m,turquoise,spring,65.0,4.2,no,express,No,bank transfer
2639.0,22.0,male,hawaii,35.0,,2023-01-04 10:00:00,purchase,Shirt,88277e855d6c9b02649ac00086394d22,"royal and langnickel colour by number pencil, jungle animals",nan,clothing,,,,s,black,spring,34.0,4.2,no,store pickup,No,credit card
2640.0,18.0,male,new hampshire,33.0,,2023-02-04 10:00:00,purchase,Blouse,acb3fd88d30158490886c554128ebbec,rajas of the ganges goodie box,nan,clothing,,,,xl,pink,winter,35.0,2.6,no,free shipping,No,debit card
2641.0,30.0,male,indiana,45.0,,2023-03-04 10:00:00,purchase,Skirt,69c03be963a78464d6c06f9576f22b0c,proline 344100 ram 2500 clear body,nan,clothing,,,,l,olive,summer,75.0,4.0,no,store pickup,No,venmo
2643.0,39.0,male,iowa,48.0,,2023-05-04 10:00:00,purchase,Belt,9bf383d416cfdf42b2ed4f018654212a,"razor agitator bmx/freestyle bike, 20-inch",nan,accessories,,,,l,peach,summer,87.0,4.0,no,store pickup,No,bank transfer
2649.0,51.0,male,illinois,14.0,,2023-11-04 10:00:00,purchase,Pants,d627d6ba2a8770967d65b48ed9bdd0f6,hq kites monarch l butterfly kite 50 inch single - line kite with tail - active outdoor fun for ages 5 and up,nan,clothing,,,,m,gray,spring,84.0,3.9,no,next day air,No,paypal
2669.0,59.0,female,texas,9.0,,2023-01-05 10:00:00,purchase,Coat,b90d8f15c5b5257430a78b63c02e2f82,dreamworks spirit riding free collector doll & horse - ursula & bing cherry,nan,outerwear,,,,m,black,summer,75.0,4.8,no,next day air,No,paypal
2672.0,37.0,female,alabama,41.0,,2023-04-05 10:00:00,purchase,Sandals,4a6215ee84d75da7203a38f7f1dda92e,"melissa & doug peg puzzles set, farm animals, pets, ocean (3 peg puzzles, best for 2, 3, and 4 year olds) & disney classics alphabet wooden peg puzzle (26 pieces, best for 3, 4, 5 year olds and up)",nan,footwear,,,,xl,gray,winter,64.0,4.8,no,2-day shipping,No,paypal
2673.0,56.0,female,west virginia,13.0,,2023-05-05 10:00:00,purchase,Boots,71c27cac8d8f05102fcb8013303e07cc,folkmanis mini eagle finger puppet,nan,footwear,,,,m,maroon,spring,28.0,2.9,no,standard,No,cash
2679.0,33.0,female,montana,34.0,,2023-11-05 10:00:00,purchase,Belt,0f4430a71110c64ce27259862b79b778,rubie's costume men's batman arkham city adult robin top,nan,accessories,,,,m,magenta,spring,91.0,3.4,no,2-day shipping,No,credit card
2703.0,70.0,female,texas,39.0,,2023-04-06 10:00:00,purchase,Shoes,f7adaf8dd9ce94de74cf5608ba7b4328,amscan thanskgiving white pilgrim girl set | party costume,nan,footwear,,,,l,gray,fall,37.0,4.0,no,next day air,No,debit card
2706.0,65.0,female,washington,1.0,,2023-07-06 10:00:00,purchase,Jacket,27299b82ccfdec4fde47ad6d21432929,"redcat racing rer11413 aluminum transfer case drive shaft, silver",nan,outerwear,,,,s,turquoise,spring,81.0,5.0,no,store pickup,No,credit card
2707.0,24.0,female,alabama,48.0,,2023-08-06 10:00:00,purchase,Shoes,ed9a3c0d55925aadadd58e5b8cfaff7f,"moonlite - special edition eric carle gift pack, storybook projector for smartphones with 5 story reels, for ages 1 & up",nan,footwear,,,,s,blue,spring,40.0,3.1,no,express,No,debit card
2733.0,21.0,female,delaware,27.0,,2023-04-07 10:00:00,purchase,Socks,2c159099b942d19d2b261cd0344dd25c,white mountain puzzles great paintings - 1000 piece jigsaw puzzle,nan,clothing,,,,l,orange,winter,75.0,4.2,no,store pickup,No,debit card
2736.0,46.0,female,california,2.0,,2023-07-07 10:00:00,purchase,Skirt,8839817bda98cefe786e4475f662d064,learning resources pan balance,nan,clothing,,,,m,yellow,spring,29.0,3.0,no,express,No,paypal
2737.0,44.0,female,montana,45.0,,2023-08-07 10:00:00,purchase,Hoodie,c51ff86f838a51067bfab9f8e98b6894,cra-z-art shimmer and sparkle color craze fringe messenger bag,nan,clothing,,,,m,pink,spring,25.0,4.8,no,store pickup,No,credit card
2764.0,28.0,female,west virginia,35.0,,2023-04-08 10:00:00,purchase,Handbag,734fb3a4ce2245af448045f4b103ca4c,"franklin sports 8.5"" rubber tetherball",nan,accessories,,,,m,green,fall,52.0,2.9,no,2-day shipping,No,venmo
2770.0,32.0,female,oklahoma,13.0,,2023-10-08 10:00:00,purchase,Shirt,ca0b6b5a6ed9b55b61eba3747ae7fd1e,"darice 9199-40 natural painted wood cutout, two palm tree",nan,clothing,,,,l,lavender,fall,89.0,3.0,no,standard,No,cash
2795.0,33.0,female,new york,7.0,,2023-04-09 10:00:00,purchase,Jacket,8174b197677e912421556a5b27d0ee19,infinity nado auto - accelerating electronic nado,nan,outerwear,,,,m,gold,fall,24.0,3.3,no,standard,No,cash
2798.0,63.0,female,oklahoma,10.0,,2023-07-09 10:00:00,purchase,Jewelry,3d5b8a643534061fe1e4492c88d508d0,foco nba unisex resin small thematic piggy bank,nan,accessories,,,,m,green,winter,42.0,3.5,no,express,No,venmo
2799.0,52.0,female,rhode island,37.0,,2023-08-09 10:00:00,purchase,Hoodie,84e97654fe50b2cc416e323ce7e449f2,dc comics deluxe muscle chest superman,nan,clothing,,,,xl,red,winter,20.0,4.8,no,store pickup,No,paypal
2820.0,67.0,female,georgia,19.0,,2023-10-10 08:00:00,purchase,Shirt,e3b653f4db997f034261901ec03b99eb,melissa & doug personalized pattern blocks & boards classic toy,nan,clothing,,,,l,lavender,spring,27.0,3.0,no,free shipping,No,cash
2821.0,26.0,female,vermont,5.0,,2023-11-10 08:00:00,purchase,Backpack,65b7222cc82aed538c08eff6175edc50,swimways sea squirts swim trainer life jacket - blue shark,nan,accessories,,,,l,yellow,summer,89.0,3.9,no,free shipping,No,cash
2847.0,50.0,female,oklahoma,15.0,,2023-06-11 08:00:00,purchase,Socks,5470e2bf0347a1d03ce2ba9c529441d6,wwe big cass elite collection action figure,nan,clothing,,,,xl,black,fall,36.0,2.8,no,next day air,No,paypal
2853.0,40.0,female,new york,30.0,,2023-12-11 08:00:00,purchase,Belt,7010fac121d15c14b2140772113c4f5a,"small foot wooden toys parking garage playset, with 3 floors, an elevator & helicopter landing pad & more designed for ages 3+",nan,accessories,,,,m,magenta,spring,71.0,3.0,no,store pickup,No,venmo
2874.0,44.0,female,montana,8.0,,2023-03-12 08:00:00,purchase,Sweater,aa57d55bd23b9a869de2fbe5900862db,rubie's justice league boys aquaman costume,nan,clothing,,,,m,teal,spring,40.0,2.6,no,free shipping,No,bank transfer
2877.0,65.0,female,new mexico,5.0,,2023-06-12 08:00:00,purchase,Hoodie,987917f779540ac6ef9b451053755ffb,huina 2.4ghz radio control alloy 6 channel 4 wheel excavator remote control high simulation truck,nan,clothing,,,,m,charcoal,spring,84.0,3.4,no,2-day shipping,No,bank transfer
2878.0,32.0,female,new jersey,34.0,,2023-07-12 08:00:00,purchase,Socks,a0c000e87e601da16137ee0f3b064f6b,7 wonders,nan,clothing,,,,m,silver,summer,46.0,3.6,no,standard,No,venmo
2907.0,58.0,female,virginia,7.0,,2023-03-01 10:00:00,purchase,Coat,5d77c4f13902bb205f445086d95ee279,fairy land cuties surprise doll collectible with 3 layers of foil to peel and find 6 accessories (mystery pack 8) 4-pack,nan,outerwear,,,,m,indigo,spring,27.0,3.9,no,standard,No,venmo
2908.0,19.0,female,maryland,50.0,,2023-04-01 10:00:00,purchase,Sunglasses,97be8c0e7619997e5911f206d70113fb,imperial kids card game - go fish,nan,accessories,,,,xl,lavender,summer,82.0,3.7,no,next day air,No,paypal
2914.0,43.0,female,wyoming,12.0,,2023-10-01 10:00:00,purchase,Coat,81ee706d3e5a9bf058d23e3f86f6b9b7,buffalo games - country life - country delivery - 1000 piece jigsaw puzzle,nan,outerwear,,,,l,cyan,winter,83.0,3.5,no,express,No,cash
2952.0,47.0,female,arkansas,14.0,,2023-02-11 08:00:00,purchase,Scarf,5e30320be0e31072de185707a2433f2f,melissa & doug giant deer - lifelike stuffed animal (over 3 feet long),nan,accessories,,,,l,maroon,fall,99.0,4.6,no,free shipping,No,cash
2953.0,50.0,female,alabama,5.0,,2023-03-11 08:00:00,purchase,Belt,c7fd0d14235f2af6b0b1c243a5d84b7b,orcs orcs orcs,nan,accessories,,,,m,peach,spring,24.0,4.9,no,next day air,No,debit card
2959.0,55.0,female,ohio,28.0,,2023-09-11 08:00:00,purchase,Skirt,02784146ed29201f578c1d820db5ebeb,good smile steins; gate: kurisu makise 1: 8 scale pvc figure,nan,clothing,,,,m,black,summer,100.0,4.5,no,standard,No,paypal
2962.0,33.0,female,new hampshire,21.0,,2023-12-11 08:00:00,purchase,Hoodie,db0f489c6ae9624352e045daef21ae9d,"hansa - 19"" german spitz dog",nan,clothing,,,,s,gold,fall,43.0,2.8,no,free shipping,No,debit card
2982.0,21.0,female,delaware,37.0,,2023-02-12 08:00:00,purchase,Pants,d033a7e5b6596902f0965ea61fbd08be,monster high frankie stein costume - one color - large,nan,clothing,,,,l,pink,winter,36.0,4.9,no,standard,No,venmo
2983.0,33.0,female,wisconsin,4.0,,2023-03-12 08:00:00,purchase,Dress,fdb871290f16fa018ffc6abf04630696,mrs grossman stickers-multi micro stars,nan,clothing,,,,m,orange,summer,45.0,3.6,no,store pickup,No,credit card
2989.0,69.0,female,nevada,31.0,,2023-09-12 08:00:00,purchase,Socks,06e8480f75c0414c5b0441e6df159f35,step2 lifestyle dream kitchen | plastic toy play kitchen with 37-pc accessories set | contemporary kids kitchen playset,nan,clothing,,,,s,pink,spring,55.0,5.0,no,2-day shipping,No,debit card
2992.0,66.0,female,utah,7.0,,2023-12-12 08:00:00,purchase,Dress,2e26df8b0c3338d980ffa909786e0d2b,"daron skymarks emirates a380-800 airplane model building kit with gear, 1/200-scale",nan,clothing,,,,l,green,summer,71.0,3.9,no,standard,No,paypal
